{"cameraMode":{"drawMode":0,"name":"Shaded","section":"Shading Mode"},"sceneLighting":false,"audioPlay":false,"sceneViewState":{"m_AlwaysRefresh":false,"showFog":true,"showSkybox":false,"showFlares":true,"showImageEffects":true,"showParticleSystems":true,"showVisualEffectGraphs":true,"m_FxEnabled":true},"in2DMode":false,"pivot":{"x":11.998189926147461,"y":5.4587907791137699,"z":-12.387371063232422},"rotation":{"x":-0.1089298278093338,"y":-0.18057280778884889,"z":0.02012798748910427,"w":-0.9773167371749878},"size":0.01583581604063511,"orthographic":false}